total sequences	total differing	last window	rounding	other	percent differing	percent last window	percent rounding	percent other
63745031	108233	93558	14675	0	0.1697904892382906	0.14676908698969807	0.02302140224859252	0.0
