total sequences	total differing	last window	rounding	other	percent differing	percent last window	percent rounding	percent other
63745031	108233	93558	14629	46	0.1697904892382906	0.14676908698969807	0.022949239761135266	7.216248745725766e-05
