total sequences	total differing	last window	rounding	other	percent differing	percent last window	percent rounding	percent other
63745031	108233	93558	14628	47	0.1697904892382906	0.14676908698969807	0.022947671011407933	7.373123718458934e-05
